"Nombre del servicio","Precio de compra","Duraci√≥n","Tiempo adicional","Impuestos","Descripci√≥n","Nombre de la categor√≠a","Tipo de servicio","Recurso","Reserva online","Disponible para","Ventas de cupones","Comisiones","ID del servicio","SKU"
"Limpieza Facial Glow Skin","125000.00","1h","","No tax","Una limpieza facial completa y profunda, con los mayores est√°ndares de asepsia y cuidado al tacto con tu piel. 

Las Limpiezas Faciales en GlowSkin se caracterizan porque eliminan las impurezas m√°s profundas sin llegar a agredir tu piel. 

Observa los cambios desde la primera sesi√≥n gracias a nuestros principios activos de la m√°s alta calidad.","Primera vez","Facial Extractions","No es obligatorio","Activo","Todos","Activo","Activo","20916619",""
"Limpieza Facial Anti-Acn√© ","165000.00","1h 30m","","No tax","Ideal para quienes buscan un cuidado especializado en piel con tendencia al acn√©, este servicio ofrece una limpieza facial m√°s profunda, dise√±ada para ayudar a las personas con acn√© comedog√©nico o severo a descargar y descansar su piel, con efectos progresivos que se ven desde la primera sesi√≥n. Disfruta de una experiencia relajante y profesional enfocada en el bienestar de tu rostro.","Primera vez","Facial Extractions","No es obligatorio","Activo","Todos","Activo","Activo","20935653",""
"Limpieza Seborreguladora","375000.00","1h 20m","","No tax","Ideal para pieles en etapas de acn√© severo activo, con p√∫stulas y alta producci√≥n de grasa. Los resultados son progresivos y se perciben desde la primera sesi√≥n. 

Equilibra el exceso de grasa en tu piel con una limpieza facial dise√±ada para regular la producci√≥n de sebo. Todo el poder de nuestra limpieza facial Glow Skin junto a un Peeling Seborregulador de alta est√©tica. 

Incluye recomendaciones de cuidado en casa para disminuir futuros brotes y ayudar al mejoramiento de la piel.","Primera vez","Facial Extractions","No es obligatorio","Activo","Todos","Activo","Activo","21541937",""
"Limpieza Facial para Piel Sensible","140000.00","1h","","No tax","Protocolo ultra-suave dise√±ado espec√≠ficamente para pieles reactivas, sensibles o con ros√°cea. Utilizamos t√©cnicas delicadas y productos hipoalerg√©nicos para limpiar tu piel sin irritar.

Todas Nuestras limpiezas faciales se caracterizan por no dejar la piel maltratada, adolorida,  hinchada o irritada. Sin embargo hemos implementado este procedimiento hipoalergenico para garantizar que las pieles m√°s delicadas puedan disfrutar de un tratamiento profesional con activos cl√≠nicamente comprobados para su tipo de piel.","Primera vez","Facial Extractions","No es obligatorio","Activo","Todos","Activo","Activo","21617257",""
"HydraGlow","250000.00","1h 50m","","No tax","La HydraGlow es nuestra limpieza facial m√°s completa en Glow Skin. Combina la tecnolog√≠a de la m√°quina Hydrafacial con principios activos seleccionados de acuerdo a las necesidades de tu piel.

üåø Limpieza profunda
üíß Hidrataci√≥n en capas
‚ú® Luminosidad inmediata

Un tratamiento ideal para renovar, hidratar y dejar tu piel fresca, uniforme y radiante desde la primera sesi√≥n.","Primera vez","Facial Extractions","No es obligatorio","Activo","Todos","Activo","Activo","21605837",""
"Tratamiento Regenerative +","1200000.00","1h 15m","","No tax","T√©cnica de micropunciones de bioestimulaci√≥n celular con Alta Nutrici√≥n que reconstruye los tejidos de la piel estimulando la producci√≥n de c√©lulas nuevas en las zonas afectadas. Ideal para pieles con cicatrices leves, como personas que hayan sufrido acn√©, manchas o arrugas s√≠ntomas de envejecimiento.

Paquete que incluye: 
3 sesiones de Microneedling 
3 sesiones Antiox Peel Pro 

Obsequio:

Limpieza Facial Profunda Glow Skin ","Tratamientos","Acne Scar Treatment","No es obligatorio","Activo","Todos","Activo","Activo","20935759",""
"Tratamiento Anti-Manchas con Microneedling","600000.00","1h 20m","","No tax","T√©cnica avanzada que combina Peelings de √∫ltima generaci√≥n o, seg√∫n el caso, Micropunciones con principios activos despigmentantes enfocados en eliminar progresivamente las c√©lulas pigmentadas de la epidermis, aclarando las manchas y mejorando la textura general de la piel.

Este tratamiento est√° recomendadod para la pigmentaci√≥n moderada. 

Incluye 3 sesiones de Microneedling cada 15 d√≠as.

El tratamiento se eval√∫a en la consulta.","Tratamientos","Acne Scar Treatment","No es obligatorio","Activo","Todos","Activo","Activo","20935697",""
"Tratamiento Anti-Acn√© ","830000.00","1h 55m","","No tax","T√©cnica avanzada de √°cidos cl√≠nicos de √∫ltima generaci√≥n que eliminan las microbacterias que causan la proliferaci√≥n del acn√© en el rostro. No es suficiente con una limpieza facial, este es un tratamiento progresivo cient√≠ficamente probado para tratar el acn√© leve a severo.

Este tratamiento incluye los siguientes procedimientos:
4 sesiones de Peeling Qu√≠mico, se realiza 1 sesi√≥n cada 8 d√≠as.
2 sesiones Limpieza para Acn√©, se realiza 1 sesi√≥n cada 20 d√≠as

El tratamiento completo se eval√∫a durante la consulta.","Tratamientos","Acne Facial","No es obligatorio","Activo","Todos","Activo","Activo","20935835",""
"Glow Lips - 3 sesiones","300000.00","1h","","No tax","","Labios","Facial","No es obligatorio","Activo","Todos","Activo","Activo","20943843",""
"Glow Lips","120000.00","45m","","No tax","Revitaliza, neutraliza y devuelve vida a tus labios","Labios","Facial","No es obligatorio","Activo","Todos","Activo","Activo","20935720",""
"HydraGlow +Antiox Peel Pro","450000.00","2h","","No tax","La combinaci√≥n perfecta para lograr un Glow inmediato y duradero üåü.

Iniciamos con la Limpieza HydraGlow, nuestra limpieza m√°s completa que utiliza tecnolog√≠a Hydrafacial junto con principios activos personalizados seg√∫n tu piel üíß. Esto permite una limpieza profunda, hidrataci√≥n en capas y un rostro m√°s luminoso al instante.

Luego potenciamos los resultados con el Antiox Peel Pro, un avanzado c√≥ctel de √°cidos de medicina est√©tica que mejora textura, uniformidad y vitalidad de la piel üåø.

El resultado: una piel renovada, fresca y radiante desde la primera sesi√≥n.","Facial","Facial","No es obligatorio","Activo","Todos","Activo","Activo","21605866",""
"Antiox Peel Pro + Limpieza Glow Skin","375000.00","1h 40m","","No tax","","Facial","Facial","No es obligatorio","Activo","Todos","Activo","Activo","20935711",""
"Porcelanizaci√≥n + Limpieza Anti-Acn√© ","290000.00","2h","","No tax","","Facial","Facial Extractions","No es obligatorio","Activo","Todos","Activo","Activo","20935666",""
"Microneedling + Limpieza Glow Skin","325000.00","1h 50m","","No tax","","Facial","Facial Extractions","No es obligatorio","Activo","Todos","Activo","Activo","20935681",""
"Porcelanizaci√≥n + Limpieza Glow Skin","250000.00","1h 45m","","No tax","","Facial","Facial Extractions","No es obligatorio","Activo","Todos","Activo","Activo","20935664",""
""
